{
  "gamePk": 822756,
  "league": "MLB",
  "gameDate": "",
  "gameDateTimeUtc": "",
  "awayTeam": "LAD",
  "homeTeam": "WSN",
  "metrics": {
    "homeWinProb": 0.3405749999999999,
    "awayWinProb": 0.659425,
    "favoriteWinLabel": "LAD win",
    "favoriteWinProb": 0.659425,
    "nrfiProb": 0.2368854822586918,
    "yrfiProb": 0.7631145177413081,
    "homeMinus1p5Prob": 0.20045,
    "awayPlus1p5Prob": 0.79955,
    "awayMinus1p5Prob": 0.4926,
    "homePlus1p5Prob": 0.5074000000000001,
    "favoriteCoverLabel": "LAD -1.5",
    "favoriteCoverProb": 0.4926,
    "marketCoverLabel": "",
    "marketCoverProb": null,
    "over7p5Prob": 0.64855,
    "over8p5Prob": 0.5572,
    "marketTotal": null,
    "marketTotalLabel": "Over 8.5",
    "marketOverProb": 0.5572,
    "marketUnderProb": 0.44279999999999997,
    "fallbackTotalLabel": "Over 8.5",
    "fallbackOverProb": 0.5572,
    "fallbackUnderProb": 0.44279999999999997,
    "oneRunGameProb": 0.1988,
    "tieAfter9Prob": 0.10815,
    "medianTotal": 9.0,
    "medianMargin": -1.0,
    "marketLineSource": "",
    "marketLineUpdated": "",
    "predHomeF5": 2.138324079372861,
    "predAwayF5": 3.027960564041316,
    "predF5Total": 5.166284643414177
  },
  "pitchers": [],
  "batters": []
}