{
  "gamePk": 823973,
  "league": "MLB",
  "gameDate": "",
  "gameDateTimeUtc": "",
  "awayTeam": "ARI",
  "homeTeam": "LAD",
  "metrics": {
    "homeWinProb": 0.5853999999999999,
    "awayWinProb": 0.4146,
    "favoriteWinLabel": "LAD win",
    "favoriteWinProb": 0.5853999999999999,
    "nrfiProb": 0.4214351514658421,
    "yrfiProb": 0.5785648485341579,
    "homeMinus1p5Prob": 0.41365,
    "awayPlus1p5Prob": 0.5863499999999999,
    "awayMinus1p5Prob": 0.2527,
    "homePlus1p5Prob": 0.7473000000000001,
    "favoriteCoverLabel": "LAD -1.5",
    "favoriteCoverProb": 0.41365,
    "marketCoverLabel": "",
    "marketCoverProb": null,
    "over7p5Prob": 0.62795,
    "over8p5Prob": 0.53385,
    "marketTotal": null,
    "marketTotalLabel": "Over 8.5",
    "marketOverProb": 0.53385,
    "marketUnderProb": 0.46614999999999995,
    "fallbackTotalLabel": "Over 8.5",
    "fallbackOverProb": 0.53385,
    "fallbackUnderProb": 0.46614999999999995,
    "oneRunGameProb": 0.21585,
    "tieAfter9Prob": 0.1178,
    "medianTotal": 9.0,
    "medianMargin": 1.0,
    "marketLineSource": "",
    "marketAwayML": null,
    "marketHomeML": null,
    "marketLineUpdated": "",
    "predHomeF5": 2.9117305065213466,
    "predAwayF5": 2.193767586596172,
    "predF5Total": 5.105498093117518
  },
  "pitchers": [],
  "batters": []
}