{
  "gamePk": 823969,
  "league": "MLB",
  "gameDate": "",
  "gameDateTimeUtc": "",
  "awayTeam": "CLE",
  "homeTeam": "LAD",
  "metrics": {
    "homeWinProb": 0.6108750000000001,
    "awayWinProb": 0.389125,
    "favoriteWinLabel": "LAD win",
    "favoriteWinProb": 0.6108750000000001,
    "nrfiProb": 0.4346736086806593,
    "yrfiProb": 0.5653263913193407,
    "homeMinus1p5Prob": 0.43945,
    "awayPlus1p5Prob": 0.56055,
    "awayMinus1p5Prob": 0.23685,
    "homePlus1p5Prob": 0.76315,
    "favoriteCoverLabel": "LAD -1.5",
    "favoriteCoverProb": 0.43945,
    "marketCoverLabel": "",
    "marketCoverProb": null,
    "over7p5Prob": 0.63315,
    "over8p5Prob": 0.5406,
    "marketTotal": null,
    "marketTotalLabel": "Over 8.5",
    "marketOverProb": 0.5406,
    "marketUnderProb": 0.45940000000000003,
    "fallbackTotalLabel": "Over 8.5",
    "fallbackOverProb": 0.5406,
    "fallbackUnderProb": 0.45940000000000003,
    "oneRunGameProb": 0.21065,
    "tieAfter9Prob": 0.11305,
    "medianTotal": 9.0,
    "medianMargin": 1.0,
    "marketLineSource": "",
    "marketLineUpdated": "",
    "predHomeF5": 2.6854725978657945,
    "predAwayF5": 2.093880794482669,
    "predF5Total": 4.779353392348464
  },
  "pitchers": [],
  "batters": []
}