{
  "gamePk": 824460,
  "league": "MLB",
  "gameDate": "",
  "gameDateTimeUtc": "",
  "awayTeam": "CHC",
  "homeTeam": "CLE",
  "metrics": {
    "homeWinProb": 0.541525,
    "awayWinProb": 0.4584749999999999,
    "favoriteWinLabel": "CLE win",
    "favoriteWinProb": 0.541525,
    "nrfiProb": 0.5208640613921934,
    "yrfiProb": 0.4791359386078065,
    "homeMinus1p5Prob": 0.35325,
    "awayPlus1p5Prob": 0.6467499999999999,
    "awayMinus1p5Prob": 0.27305,
    "homePlus1p5Prob": 0.72695,
    "favoriteCoverLabel": "CLE -1.5",
    "favoriteCoverProb": 0.35325,
    "marketCoverLabel": "",
    "marketCoverProb": null,
    "over7p5Prob": 0.50335,
    "over8p5Prob": 0.4038,
    "marketTotal": null,
    "marketTotalLabel": "Over 8.5",
    "marketOverProb": 0.4038,
    "marketUnderProb": 0.5962000000000001,
    "fallbackTotalLabel": "Over 8.5",
    "fallbackOverProb": 0.4038,
    "fallbackUnderProb": 0.5962000000000001,
    "oneRunGameProb": 0.24505,
    "tieAfter9Prob": 0.12865,
    "medianTotal": 8.0,
    "medianMargin": 0.0,
    "marketLineSource": "",
    "marketLineUpdated": "",
    "predHomeF5": 2.4758510583725406,
    "predAwayF5": 1.8404309265711123,
    "predF5Total": 4.316281984943653
  },
  "pitchers": [],
  "batters": []
}