{
  "gamePk": 824700,
  "league": "MLB",
  "gameDate": "",
  "gameDateTimeUtc": "",
  "awayTeam": "WSN",
  "homeTeam": "CHC",
  "metrics": {
    "homeWinProb": 0.658475,
    "awayWinProb": 0.3415249999999999,
    "favoriteWinLabel": "CHC win",
    "favoriteWinProb": 0.658475,
    "nrfiProb": 0.4310160026085974,
    "yrfiProb": 0.5689839973914026,
    "homeMinus1p5Prob": 0.4846,
    "awayPlus1p5Prob": 0.5154000000000001,
    "awayMinus1p5Prob": 0.19115,
    "homePlus1p5Prob": 0.8088500000000001,
    "favoriteCoverLabel": "CHC -1.5",
    "favoriteCoverProb": 0.4846,
    "marketCoverLabel": "",
    "marketCoverProb": null,
    "over7p5Prob": 0.61505,
    "over8p5Prob": 0.52075,
    "marketTotal": null,
    "marketTotalLabel": "Over 8.5",
    "marketOverProb": 0.52075,
    "marketUnderProb": 0.47924999999999995,
    "fallbackTotalLabel": "Over 8.5",
    "fallbackOverProb": 0.52075,
    "fallbackUnderProb": 0.47924999999999995,
    "oneRunGameProb": 0.2112,
    "tieAfter9Prob": 0.11305,
    "medianTotal": 9.0,
    "medianMargin": 1.0,
    "marketLineSource": "",
    "marketAwayML": null,
    "marketHomeML": null,
    "marketLineUpdated": "",
    "predHomeF5": 2.9232259133325007,
    "predAwayF5": 2.221666486783113,
    "predF5Total": 5.144892400115614
  },
  "pitchers": [],
  "batters": []
}