{
  "gamePk": 825103,
  "league": "MLB",
  "gameDate": "",
  "gameDateTimeUtc": "",
  "awayTeam": "ATL",
  "homeTeam": "ARI",
  "metrics": {
    "homeWinProb": 0.46505,
    "awayWinProb": 0.5349499999999999,
    "favoriteWinLabel": "ATL win",
    "favoriteWinProb": 0.5349499999999999,
    "nrfiProb": 0.5879508933897779,
    "yrfiProb": 0.412049106610222,
    "homeMinus1p5Prob": 0.29525,
    "awayPlus1p5Prob": 0.70475,
    "awayMinus1p5Prob": 0.36285,
    "homePlus1p5Prob": 0.63715,
    "favoriteCoverLabel": "ATL -1.5",
    "favoriteCoverProb": 0.36285,
    "marketCoverLabel": "",
    "marketCoverProb": null,
    "over7p5Prob": 0.61185,
    "over8p5Prob": 0.5207,
    "marketTotal": null,
    "marketTotalLabel": "Over 8.5",
    "marketOverProb": 0.5207,
    "marketUnderProb": 0.47929999999999995,
    "fallbackTotalLabel": "Over 8.5",
    "fallbackOverProb": 0.5207,
    "fallbackUnderProb": 0.47929999999999995,
    "oneRunGameProb": 0.2251,
    "tieAfter9Prob": 0.1168,
    "medianTotal": 9.0,
    "medianMargin": 0.0,
    "marketLineSource": "",
    "marketLineUpdated": "",
    "predHomeF5": 1.8904739196450056,
    "predAwayF5": 2.066884373266125,
    "predF5Total": 3.957358292911131
  },
  "pitchers": [],
  "batters": []
}